-- MySQL Script generated by MySQL Workbench
-- Sun Feb  8 20:46:38 2015
-- Model: New Model    Version: 1.0
-- MySQL Workbench Forward Engineering

SET @OLD_UNIQUE_CHECKS=@@UNIQUE_CHECKS, UNIQUE_CHECKS=0;
SET @OLD_FOREIGN_KEY_CHECKS=@@FOREIGN_KEY_CHECKS, FOREIGN_KEY_CHECKS=0;
SET @OLD_SQL_MODE=@@SQL_MODE, SQL_MODE='TRADITIONAL,ALLOW_INVALID_DATES';

-- -----------------------------------------------------
-- Schema db_he_tweets
-- -----------------------------------------------------
DROP SCHEMA IF EXISTS `db_he_tweets` ;

-- -----------------------------------------------------
-- Schema db_he_tweets
-- -----------------------------------------------------
CREATE SCHEMA IF NOT EXISTS `db_he_tweets` DEFAULT CHARACTER SET utf8 COLLATE utf8_general_ci ;
-- -----------------------------------------------------
USE `db_he_tweets`;

-- -----------------------------------------------------
-- Table `db_he_tweets`.`he_login`
-- -----------------------------------------------------
CREATE TABLE IF NOT EXISTS `db_he_tweets`.`he_login` (
  `he_id_login` INT NOT NULL AUTO_INCREMENT,
  `he_email` VARCHAR(60) NOT NULL,
  `he_user_name` VARCHAR(45) NULL,
  `he_pass` VARCHAR(255) NOT NULL,
  `he_start_date` DATETIME NOT NULL,
  `he_token_reset_pass` VARCHAR(255) NULL,
  `he_token_expiration` DATETIME NULL,
  `he_account_status` ENUM('ACTIVE','INACTIVE','BLOCKED') NOT NULL DEFAULT 'ACTIVE',
  PRIMARY KEY (`he_id_login`),
  UNIQUE INDEX `he_email_UNIQUE` (`he_email` ASC),
  UNIQUE INDEX `he_user_name_UNIQUE` (`he_user_name` ASC),
  INDEX `he_index_for_user_name` USING BTREE (`he_user_name` ASC))
ENGINE = InnoDB;


-- -----------------------------------------------------
-- Table `db_he_tweets`.`he_locallization`
-- -----------------------------------------------------
CREATE TABLE IF NOT EXISTS `db_he_tweets`.`he_locallization` (
  `he_id_locallization` INT NOT NULL AUTO_INCREMENT,
  `he_locallization` VARCHAR(100) NOT NULL,
  PRIMARY KEY (`he_id_locallization`))
ENGINE = InnoDB;


-- -----------------------------------------------------
-- Table `db_he_tweets`.`he_perfil`
-- -----------------------------------------------------
CREATE TABLE IF NOT EXISTS `db_he_tweets`.`he_perfil` (
  `he_id_perfil` INT NOT NULL AUTO_INCREMENT,
  `he_full_name` VARCHAR(60) NOT NULL,
  `he_relationship` ENUM('Solteiro (a)','Namorando','Casado (a)','Viúvo (a)') NULL,
  `he_photo_server_path` VARCHAR(200) NULL,
  `he_id_login` INT NOT NULL,
  `he_who_i_am` VARCHAR(200) NULL,
  `he_id_locallization` INT NULL,
  PRIMARY KEY (`he_id_perfil`),
  INDEX `fk_he_perfil_he_login_idx` (`he_id_login` ASC),
  INDEX `fk_he_perfil_he_locallization1_idx` (`he_id_locallization` ASC),
  INDEX `index_for_name` USING BTREE (`he_full_name` ASC),
  CONSTRAINT `he_fk_login`
    FOREIGN KEY (`he_id_login`)
    REFERENCES `db_he_tweets`.`he_login` (`he_id_login`)
    ON DELETE CASCADE
    ON UPDATE NO ACTION,
  CONSTRAINT `he_fk_locallization`
    FOREIGN KEY (`he_id_locallization`)
    REFERENCES `db_he_tweets`.`he_locallization` (`he_id_locallization`)
    ON DELETE CASCADE
    ON UPDATE NO ACTION)
ENGINE = InnoDB;


-- -----------------------------------------------------
-- Table `db_he_tweets`.`he_perfil_follows_he_perfil`
-- -----------------------------------------------------
CREATE TABLE IF NOT EXISTS `db_he_tweets`.`he_perfil_follows_he_perfil` (
  `he_id_perfil_follower` INT NOT NULL,
  `he_id_perfil_followed` INT NOT NULL,
  PRIMARY KEY (`he_id_perfil_follower`, `he_id_perfil_followed`),
  INDEX `fk_he_perfil_has_he_perfil_he_perfil2_idx` (`he_id_perfil_followed` ASC),
  INDEX `fk_he_perfil_has_he_perfil_he_perfil1_idx` (`he_id_perfil_follower` ASC),
  CONSTRAINT `he_fk_perfil_follower`
    FOREIGN KEY (`he_id_perfil_follower`)
    REFERENCES `db_he_tweets`.`he_perfil` (`he_id_perfil`)
    ON DELETE CASCADE
    ON UPDATE NO ACTION,
  CONSTRAINT `he_fk_perfil_followed`
    FOREIGN KEY (`he_id_perfil_followed`)
    REFERENCES `db_he_tweets`.`he_perfil` (`he_id_perfil`)
    ON DELETE CASCADE
    ON UPDATE NO ACTION)
ENGINE = InnoDB;


-- -----------------------------------------------------
-- Table `db_he_tweets`.`he_perfil_notifies_he_perfil`
-- -----------------------------------------------------
CREATE TABLE IF NOT EXISTS `db_he_tweets`.`he_perfil_notifies_he_perfil` (
  `he_id_notification` BIGINT NOT NULL AUTO_INCREMENT,
  `he_id_perfil_from` INT NOT NULL,
  `he_id_perfil_to` INT NULL,
  `he_type_notification` ENUM('TWEET','FOLLOWING','LIKE') NULL,
  `he_date_time` TIMESTAMP NULL,
  `he_status` ENUM('NEW','READ') NULL,
  PRIMARY KEY (`he_id_notification`),
  INDEX `fk_he_perfil_has_he_perfil_he_perfil4_idx` (`he_id_perfil_to` ASC),
  INDEX `fk_he_perfil_has_he_perfil_he_perfil3_idx` (`he_id_perfil_from` ASC),
  CONSTRAINT `he_fk_perfil_from`
    FOREIGN KEY (`he_id_perfil_from`)
    REFERENCES `db_he_tweets`.`he_perfil` (`he_id_perfil`)
    ON DELETE CASCADE
    ON UPDATE NO ACTION,
  CONSTRAINT `he_fk_perfil_to`
    FOREIGN KEY (`he_id_perfil_to`)
    REFERENCES `db_he_tweets`.`he_perfil` (`he_id_perfil`)
    ON DELETE CASCADE
    ON UPDATE NO ACTION)
ENGINE = InnoDB;


-- -----------------------------------------------------
-- Table `db_he_tweets`.`he_tweet`
-- -----------------------------------------------------
CREATE TABLE IF NOT EXISTS `db_he_tweets`.`he_tweet` (
  `he_id_tweet` BIGINT NOT NULL AUTO_INCREMENT,
  `he_id_perfil` INT NOT NULL,
  `he_tweet` VARCHAR(500) NOT NULL,
  `he_date_time` TIMESTAMP NOT NULL,
  `he_id_original_tweet` BIGINT NULL,
  PRIMARY KEY (`he_id_tweet`),
  INDEX `fk_he_tweet_he_tweet1_idx` (`he_id_original_tweet` ASC),
  INDEX `fk_he_tweet_he_perfil1_idx` (`he_id_perfil` ASC),
  CONSTRAINT `he_fk_perfil`
    FOREIGN KEY (`he_id_perfil`)
    REFERENCES `db_he_tweets`.`he_perfil` (`he_id_perfil`)
    ON DELETE CASCADE
    ON UPDATE NO ACTION,
  CONSTRAINT `he_fk_original_tweet`
    FOREIGN KEY (`he_id_original_tweet`)
    REFERENCES `db_he_tweets`.`he_tweet` (`he_id_tweet`)
    ON DELETE CASCADE
    ON UPDATE NO ACTION)
ENGINE = InnoDB;


-- -----------------------------------------------------
-- Table `db_he_tweets`.`he_perfil_likes_tweet`
-- -----------------------------------------------------
CREATE TABLE IF NOT EXISTS `db_he_tweets`.`he_perfil_likes_tweet` (
  `he_perfil_who_likes` INT NOT NULL,
  `he_id_tweet` BIGINT NOT NULL,
  INDEX `fk_he_tweet_has_he_perfil_he_perfil1_idx` (`he_perfil_who_likes` ASC),
  PRIMARY KEY (`he_id_tweet`, `he_perfil_who_likes`),
  CONSTRAINT `he_fk_tweet`
    FOREIGN KEY (`he_id_tweet`)
    REFERENCES `db_he_tweets`.`he_tweet` (`he_id_tweet`)
    ON DELETE CASCADE
    ON UPDATE NO ACTION,
  CONSTRAINT `he_fk_perfil_who_like`
    FOREIGN KEY (`he_perfil_who_likes`)
    REFERENCES `db_he_tweets`.`he_perfil` (`he_id_perfil`)
    ON DELETE CASCADE
    ON UPDATE NO ACTION)
ENGINE = InnoDB;


SET SQL_MODE=@OLD_SQL_MODE;
SET FOREIGN_KEY_CHECKS=@OLD_FOREIGN_KEY_CHECKS;
SET UNIQUE_CHECKS=@OLD_UNIQUE_CHECKS;

-- -----------------------------------------------------
-- Data for table `db_he_tweets`.`he_login`
-- -----------------------------------------------------
START TRANSACTION;
USE `db_he_tweets`;
INSERT INTO `db_he_tweets`.`he_login` (`he_id_login`, `he_email`, `he_user_name`, `he_pass`, `he_start_date`, `he_token_reset_pass`, `he_token_expiration`, `he_account_status`) VALUES (100, 'joao@gmail.com', 'joao', '$2y$10$TOH2.THDYnJNHVOZr2/TcuCWhkUwY1x.03gmz8oyFuj.DXAuqDRy2', '2015-01-08 23:59:59', '', NULL, 'ACTIVE');
INSERT INTO `db_he_tweets`.`he_login` (`he_id_login`, `he_email`, `he_user_name`, `he_pass`, `he_start_date`, `he_token_reset_pass`, `he_token_expiration`, `he_account_status`) VALUES (101, 'lpfw82@gmail.com', 'leo', '$2y$10$TOH2.THDYnJNHVOZr2/TcuCWhkUwY1x.03gmz8oyFuj.DXAuqDRy2', '2015-01-09 10:20:10', '', NULL, 'ACTIVE');

COMMIT;


-- -----------------------------------------------------
-- Data for table `db_he_tweets`.`he_locallization`
-- -----------------------------------------------------
START TRANSACTION;
USE `db_he_tweets`;
INSERT INTO `db_he_tweets`.`he_locallization` (`he_id_locallization`, `he_locallization`) VALUES (1, 'Baltimore, MD, United States');
INSERT INTO `db_he_tweets`.`he_locallization` (`he_id_locallization`, `he_locallization`) VALUES (2, 'Uberlândia, MG, Brasil');
INSERT INTO `db_he_tweets`.`he_locallization` (`he_id_locallization`, `he_locallization`) VALUES (3, 'São Paulo, SP, Brasil');

COMMIT;


-- -----------------------------------------------------
-- Data for table `db_he_tweets`.`he_perfil`
-- -----------------------------------------------------
START TRANSACTION;
USE `db_he_tweets`;
INSERT INTO `db_he_tweets`.`he_perfil` (`he_id_perfil`, `he_full_name`, `he_relationship`, `he_photo_server_path`, `he_id_login`, `he_who_i_am`, `he_id_locallization`) VALUES (1000, 'Joao Da Silva', 'CASADO (A)', NULL, 100, 'Tenho 50 anos. Pai da Júlia e da Andressa, ama a família e trabalha como programador na empresa Star coding.', 2);
INSERT INTO `db_he_tweets`.`he_perfil` (`he_id_perfil`, `he_full_name`, `he_relationship`, `he_photo_server_path`, `he_id_login`, `he_who_i_am`, `he_id_locallization`) VALUES (2000, 'Leonardo Ferreira', 'NAMORANDO', NULL, 101, 'Tenho 22 anos. Gosto de aprender novas tecnologias e de estar sempre estudando. Adoro minha família e amigos.', 3);

COMMIT;


-- -----------------------------------------------------
-- Data for table `db_he_tweets`.`he_perfil_follows_he_perfil`
-- -----------------------------------------------------
START TRANSACTION;
USE `db_he_tweets`;
INSERT INTO `db_he_tweets`.`he_perfil_follows_he_perfil` (`he_id_perfil_follower`, `he_id_perfil_followed`) VALUES (1000, 2000);
INSERT INTO `db_he_tweets`.`he_perfil_follows_he_perfil` (`he_id_perfil_follower`, `he_id_perfil_followed`) VALUES (2000, 1000);

COMMIT;


-- -----------------------------------------------------
-- Data for table `db_he_tweets`.`he_perfil_notifies_he_perfil`
-- -----------------------------------------------------
START TRANSACTION;
USE `db_he_tweets`;
INSERT INTO `db_he_tweets`.`he_perfil_notifies_he_perfil` (`he_id_notification`, `he_id_perfil_from`, `he_id_perfil_to`, `he_type_notification`, `he_date_time`, `he_status`) VALUES (1, 1000, 2000, 'FOLLOWING', '2015-01-01 23:45:55', 'NEW');
INSERT INTO `db_he_tweets`.`he_perfil_notifies_he_perfil` (`he_id_notification`, `he_id_perfil_from`, `he_id_perfil_to`, `he_type_notification`, `he_date_time`, `he_status`) VALUES (2, 2000, 1000, 'FOLLOWING', '2015-01-01 23:45:55', 'NEW');
INSERT INTO `db_he_tweets`.`he_perfil_notifies_he_perfil` (`he_id_notification`, `he_id_perfil_from`, `he_id_perfil_to`, `he_type_notification`, `he_date_time`, `he_status`) VALUES (3, 1000, 2000, 'LIKE', '2015-01-01 23:45:55', 'READ');
INSERT INTO `db_he_tweets`.`he_perfil_notifies_he_perfil` (`he_id_notification`, `he_id_perfil_from`, `he_id_perfil_to`, `he_type_notification`, `he_date_time`, `he_status`) VALUES (4, 2000, 1000, 'LIKE', '2015-01-01 23:45:55', 'NEW');

COMMIT;


-- -----------------------------------------------------
-- Data for table `db_he_tweets`.`he_tweet`
-- -----------------------------------------------------
START TRANSACTION;
USE `db_he_tweets`;
INSERT INTO `db_he_tweets`.`he_tweet` (`he_id_tweet`, `he_id_perfil`, `he_tweet`, `he_date_time`, `he_id_original_tweet`) VALUES (1, 1000, 'Seja bem vindo!', '2015-01-09 23:59:59', NULL);

COMMIT;


-- -----------------------------------------------------
-- Data for table `db_he_tweets`.`he_perfil_likes_tweet`
-- -----------------------------------------------------
START TRANSACTION;
USE `db_he_tweets`;
INSERT INTO `db_he_tweets`.`he_perfil_likes_tweet` (`he_perfil_who_likes`, `he_id_tweet`) VALUES (2000, 1);

COMMIT;

